"","YEAR","SEX","Stock","FultonK","SD","CV","avgFultK","source"
"1",1987,"Male","Georges Bank",0.987457791491497,0.106949122124621,10.8307537847345,0.924212599466816,"DFO"
"2",1987,"Female","Georges Bank",0.992313859348521,0.0963050709323377,9.70510187125316,0.924212599466816,"DFO"
"3",1988,"Male","Georges Bank",0.972861306312873,0.119961165630976,12.3307572058371,0.924212599466816,"DFO"
"4",1988,"Female","Georges Bank",0.984689626964318,0.110188823441873,11.1902086123901,0.924212599466816,"DFO"
"5",1989,"Male","Georges Bank",1.01563540784285,0.144170819696601,14.1951352407861,0.924212599466816,"DFO"
"6",1989,"Female","Georges Bank",1.01672112955113,0.115699485995913,11.3796677017023,0.924212599466816,"DFO"
"7",1990,"Male","Georges Bank",0.978363594333482,0.125104238619999,12.7870905402227,0.924212599466816,"DFO"
"8",1990,"Female","Georges Bank",0.989100578130344,0.116861467737448,11.8149225995142,0.924212599466816,"DFO"
"9",1991,"Male","Georges Bank",1.00870089714688,0.103091769642263,10.2202516061857,0.924212599466816,"DFO"
"10",1991,"Female","Georges Bank",1.01444738847522,0.107965213974138,10.6427612905994,0.924212599466816,"DFO"
"11",1992,"Male","Georges Bank",0.974476560106272,0.106632283675504,10.9425190959827,0.924212599466816,"DFO"
"12",1992,"Female","Georges Bank",0.99626157539326,0.0906397242324052,9.09798455256356,0.924212599466816,"DFO"
"13",1993,"Male","Georges Bank",0.961504701288714,0.0940192925357564,9.77834974802946,0.924212599466816,"DFO"
"14",1993,"Female","Georges Bank",0.976882137731423,0.093957025723885,9.61805135899792,0.924212599466816,"DFO"
"15",1994,"Male","Georges Bank",0.928035776405367,0.0871473276863891,9.39051380367507,0.924212599466816,"DFO"
"16",1994,"Female","Georges Bank",0.948029429036119,0.0960437169278567,10.130879272968,0.924212599466816,"DFO"
"17",1995,"Male","Georges Bank",0.95463044097608,0.133365471701659,13.9703770147218,0.924212599466816,"DFO"
"18",1995,"Female","Georges Bank",0.968616949701995,0.101701974425258,10.4997103815443,0.924212599466816,"DFO"
"19",1996,"Male","Georges Bank",0.931465823178381,0.084219537543679,9.04161327747937,0.924212599466816,"DFO"
"20",1996,"Female","Georges Bank",0.96046887638513,0.0816601352881215,8.50211155154364,0.924212599466816,"DFO"
"21",1997,"Male","Georges Bank",0.928011688371481,0.0939362018848745,10.1223080551623,0.924212599466816,"DFO"
"22",1997,"Female","Georges Bank",0.946582060880693,0.101842218086545,10.7589423353103,0.924212599466816,"DFO"
"23",1998,"Male","Georges Bank",0.935104710659771,0.0876527761589618,9.37357871902042,0.924212599466816,"DFO"
"24",1998,"Female","Georges Bank",0.938305535023336,0.1132500438732,12.0696339993757,0.924212599466816,"DFO"
"25",1999,"Male","Georges Bank",0.924430081913652,0.0798521190613055,8.63798362078445,0.924212599466816,"DFO"
"26",1999,"Female","Georges Bank",0.935638638052405,0.0951851973604012,10.173286297639,0.924212599466816,"DFO"
"27",2000,"Male","Georges Bank",0.96199794683346,0.131432301269394,13.6624305386534,0.924212599466816,"DFO"
"28",2000,"Female","Georges Bank",0.927291933334824,0.0892242985171826,9.62202897595635,0.924212599466816,"DFO"
"29",2001,"Male","Georges Bank",0.939164392786132,0.060932381951635,6.48793570323429,0.924212599466816,"DFO"
"30",2001,"Female","Georges Bank",0.922535280632835,0.104386618590573,11.3151898666647,0.924212599466816,"DFO"
"31",2002,"Male","Georges Bank",0.918500272938883,0.0742132723330886,8.0798312770917,0.924212599466816,"DFO"
"32",2002,"Female","Georges Bank",0.945448360003157,0.0920953876785509,9.74092204023109,0.924212599466816,"DFO"
"33",2003,"Male","Georges Bank",0.928348884717991,0.0727747362382434,7.83915804028251,0.924212599466816,"DFO"
"34",2003,"Female","Georges Bank",0.932554822400755,0.0882063734660617,9.45857244499413,0.924212599466816,"DFO"
"35",2004,"Male","Georges Bank",0.920521495337029,0.0934487152928431,10.1517146276556,0.924212599466816,"DFO"
"36",2004,"Female","Georges Bank",0.937825717572047,0.086286326706262,9.20067823791931,0.924212599466816,"DFO"
"37",2005,"Male","Georges Bank",0.889241936121722,0.0791840442478234,8.90466823833918,0.924212599466816,"DFO"
"38",2005,"Female","Georges Bank",0.883164257015369,0.077637212562341,8.7908010254756,0.924212599466816,"DFO"
"39",2006,"Male","Georges Bank",0.909520865203866,0.0822284614172058,9.0408548679941,0.924212599466816,"DFO"
"40",2006,"Female","Georges Bank",0.90648008192133,0.0875231330411284,9.65527371055068,0.924212599466816,"DFO"
"41",2007,"Male","Georges Bank",0.906923445930393,0.0723436511758435,7.9768200392733,0.924212599466816,"DFO"
"42",2007,"Female","Georges Bank",0.908105033044317,0.0820388910722438,9.03407514406322,0.924212599466816,"DFO"
"43",2008,"Male","Georges Bank",0.891007793469565,0.0720021249235324,8.08097588497601,0.924212599466816,"DFO"
"44",2008,"Female","Georges Bank",0.887860164321309,0.0930219590736795,10.4770956972472,0.924212599466816,"DFO"
"45",2009,"Male","Georges Bank",0.900694231083635,0.0795178277080125,8.82850416531964,0.924212599466816,"DFO"
"46",2009,"Female","Georges Bank",0.841340570464791,0.0750822239178851,8.92411783689531,0.924212599466816,"DFO"
"47",2010,"Male","Georges Bank",0.909361874919018,0.19734855554873,21.7018725978923,0.924212599466816,"DFO"
"48",2010,"Female","Georges Bank",0.849210488303867,0.119834788164328,14.1113174901637,0.924212599466816,"DFO"
"49",2011,"Male","Georges Bank",0.866183452102253,0.0694457115682375,8.01743688357134,0.924212599466816,"DFO"
"50",2011,"Female","Georges Bank",0.858410656394346,0.0797732613524598,9.29313502322281,0.924212599466816,"DFO"
"51",2012,"Male","Georges Bank",0.84560885187603,0.0662094804855349,7.82979983459794,0.924212599466816,"DFO"
"52",2012,"Female","Georges Bank",0.886301974632191,0.095203891097307,10.7416990847635,0.924212599466816,"DFO"
"53",2013,"Male","Georges Bank",0.877424315397391,0.0698563666487725,7.9615261878324,0.924212599466816,"DFO"
"54",2013,"Female","Georges Bank",0.876314764487317,0.089428260920911,10.2050387081211,0.924212599466816,"DFO"
"55",2014,"Male","Georges Bank",0.894178777757193,0.0655346013588131,7.32902669902198,0.924212599466816,"DFO"
"56",2014,"Female","Georges Bank",0.88805991824807,0.0836867860170393,9.42355175562177,0.924212599466816,"DFO"
"57",2015,"Male","Georges Bank",0.865392304825258,0.0712381021996254,8.23188533135963,0.924212599466816,"DFO"
"58",2015,"Female","Georges Bank",0.855903101320732,0.0827781472556979,9.67143910659561,0.924212599466816,"DFO"
"59",2016,"Male","Georges Bank",0.939938455967121,0.0745733649952672,7.93385615003242,0.924212599466816,"DFO"
"60",2016,"Female","Georges Bank",0.923251682046776,0.0568726281343972,6.16003514971292,0.924212599466816,"DFO"
"61",2017,"Male","Georges Bank",0.896472744305812,0.0749873454000222,8.36471001224795,0.924212599466816,"DFO"
"62",2017,"Female","Georges Bank",0.890807523912274,0.076090346542843,8.54172697247406,0.924212599466816,"DFO"
"63",2018,"Male","Georges Bank",0.900140729454975,0.0818609280711592,9.09423664461056,0.924212599466816,"DFO"
"64",2018,"Female","Georges Bank",0.911822271396009,0.0765947716580224,8.40018653424148,0.924212599466816,"DFO"
"65",2019,"Male","Georges Bank",0.865204132727473,0.0558763301788387,6.45816727697474,0.924212599466816,"DFO"
"66",2019,"Female","Georges Bank",0.882320163678709,0.0915423609735878,10.3751863260061,0.924212599466816,"DFO"
"67",2020,"Male","Georges Bank",0.912092539717718,0.0859370004623721,9.42196068054329,0.924212599466816,"DFO"
"68",2020,"Female","Georges Bank",0.917829019541244,0.081144015351954,8.84086399801479,0.924212599466816,"DFO"
"69",2021,"Male","Georges Bank",0.908684297125306,0.0714210972420921,7.85983619041711,0.924212599466816,"DFO"
"70",2021,"Female","Georges Bank",0.874941624140378,0.0886233412602307,10.1290576211073,0.924212599466816,"DFO"
"71",2022,"Male","Georges Bank",0.889218969923504,0.07846564342454,8.82410813067675,0.924212599466816,"DFO"
"72",2022,"Female","Georges Bank",0.877108318609915,0.0761218688450048,8.67873069151214,0.924212599466816,"DFO"
"73",1992,"Male","Eastern GOM",1.195617859038,NA,NA,1.01055265670566,"NMFS Fall"
"74",1992,"Male","Georges Bank",0.993711645908298,0.13121874609592,13.2049117705549,1.01055265670566,"NMFS Fall"
"75",1992,"Male","Western GOM",0.967182798940573,0.0775474613758911,8.01787019587555,1.01055265670566,"NMFS Fall"
"76",1992,"Male","Western Scotian Shelf",0.947455814844187,0.00137921900992662,0.145570800064533,1.01055265670566,"NMFS Fall"
"77",1992,"Female","Eastern GOM",0.958513335837716,0.0888199962281187,9.26643301738648,1.01055265670566,"NMFS Fall"
"78",1992,"Female","Georges Bank",0.970910123295624,0.0964522203421398,9.93420688773392,1.01055265670566,"NMFS Fall"
"79",1992,"Female","Western GOM",1.03291695942255,0.0906959253870351,8.78056309945173,1.01055265670566,"NMFS Fall"
"80",1992,"Female","Western Scotian Shelf",1.052734375,NA,NA,1.01055265670566,"NMFS Fall"
"81",1993,"Male","Eastern GOM",0.906952447495389,0.0621722116066181,6.85506850753983,1.01055265670566,"NMFS Fall"
"82",1993,"Male","Georges Bank",1.07075529335499,0.061369597653285,5.73143070448862,1.01055265670566,"NMFS Fall"
"83",1993,"Male","Western GOM",1.01505439142966,0.0891821509020269,8.78594799007941,1.01055265670566,"NMFS Fall"
"84",1993,"Female","Eastern GOM",1.02750092957156,0.0529732746685691,5.15554518190631,1.01055265670566,"NMFS Fall"
"85",1993,"Female","Georges Bank",0.989674542860662,0.0535530111060266,5.41117395535215,1.01055265670566,"NMFS Fall"
"86",1993,"Female","Western GOM",1.07646049346662,0.10596412412804,9.84375411556393,1.01055265670566,"NMFS Fall"
"87",1994,"Male","Georges Bank",1.07511669195292,0.191414333892607,17.8040519066734,1.01055265670566,"NMFS Fall"
"88",1994,"Male","Western GOM",1.06214330525704,0.0994333713241806,9.36157774869348,1.01055265670566,"NMFS Fall"
"89",1994,"Male","Western Scotian Shelf",1.0236115138775,0.0247475803081993,2.41767310866347,1.01055265670566,"NMFS Fall"
"90",1994,"Female","Georges Bank",1.02798941318898,0.070245356841181,6.83327629058641,1.01055265670566,"NMFS Fall"
"91",1994,"Female","Western GOM",1.04230301160239,0.106010221984942,10.1707680784657,1.01055265670566,"NMFS Fall"
"92",1994,"Female","Western Scotian Shelf",0.9170350048265,NA,NA,1.01055265670566,"NMFS Fall"
"93",1995,"Male","Georges Bank",0.977172358601749,0.0790383663833538,8.08847750221374,1.01055265670566,"NMFS Fall"
"94",1995,"Male","Western GOM",1.04453983106802,0.0893941697196618,8.55823464656761,1.01055265670566,"NMFS Fall"
"95",1995,"Male","Western Scotian Shelf",0.995411212455513,0.129155023387388,12.9750420500874,1.01055265670566,"NMFS Fall"
"96",1995,"Female","Eastern GOM",1.00028769899434,0.0239762274710254,2.39693315184524,1.01055265670566,"NMFS Fall"
"97",1995,"Female","Georges Bank",0.947798391441923,0.0817729605367681,8.62767454293351,1.01055265670566,"NMFS Fall"
"98",1995,"Female","Western GOM",1.04267097876988,0.0812201065688243,7.78961994939633,1.01055265670566,"NMFS Fall"
"99",1995,"Female","Western Scotian Shelf",1.10708489176308,0.136474174815452,12.327345069095,1.01055265670566,"NMFS Fall"
"100",1996,"Male","Eastern GOM",0.998628257887517,NA,NA,1.01055265670566,"NMFS Fall"
"101",1996,"Male","Georges Bank",1.02801907979988,0.175113063041447,17.0340285002819,1.01055265670566,"NMFS Fall"
"102",1996,"Male","Western GOM",1.00087736125222,0.0810222085579188,8.09511851247691,1.01055265670566,"NMFS Fall"
"103",1996,"Male","Western Scotian Shelf",1.05214500350189,0.016538488645784,1.5718830190457,1.01055265670566,"NMFS Fall"
"104",1996,"Female","Eastern GOM",0.998790546371805,0.00825771073504078,0.826771014707502,1.01055265670566,"NMFS Fall"
"105",1996,"Female","Georges Bank",1.03992821165579,0.177357562666252,17.0547890400877,1.01055265670566,"NMFS Fall"
"106",1996,"Female","Western GOM",1.04273368339481,0.0889185267201708,8.52744359716859,1.01055265670566,"NMFS Fall"
"107",1996,"Female","Western Scotian Shelf",0.905347869359168,0.083216388155035,9.19164787055147,1.01055265670566,"NMFS Fall"
"108",1997,"Male","Georges Bank",1.01471821355497,0.118445241990585,11.6727225754255,1.01055265670566,"NMFS Fall"
"109",1997,"Male","Western GOM",1.02466402115099,0.0291271487820555,2.84260481297444,1.01055265670566,"NMFS Fall"
"110",1997,"Male","Western Scotian Shelf",1.0616501211459,0.0460887262780756,4.34123496621743,1.01055265670566,"NMFS Fall"
"111",1997,"Female","Eastern GOM",1.08530092022748,0.0888141024767031,8.18336194334816,1.01055265670566,"NMFS Fall"
"112",1997,"Female","Georges Bank",1.01141100526777,0.0728173543582472,7.19958097934367,1.01055265670566,"NMFS Fall"
"113",1997,"Female","Western GOM",1.01183912733142,0.0769201263173831,7.60201145020439,1.01055265670566,"NMFS Fall"
"114",1997,"Female","Western Scotian Shelf",0.961875376070757,0.0887077714758277,9.2223767946111,1.01055265670566,"NMFS Fall"
"115",1998,"Male","Eastern GOM",1.03585587078244,0.04456625284928,4.30236040614573,1.01055265670566,"NMFS Fall"
"116",1998,"Male","Georges Bank",1.03277018671054,0.0930708530459224,9.01176798512753,1.01055265670566,"NMFS Fall"
"117",1998,"Male","Western GOM",1.03821844016842,0.0939142203559836,9.04570914197482,1.01055265670566,"NMFS Fall"
"118",1998,"Male","Western Scotian Shelf",1.14422604063707,NA,NA,1.01055265670566,"NMFS Fall"
"119",1998,"Female","Georges Bank",0.972964674304786,0.0941953504376788,9.68127136835512,1.01055265670566,"NMFS Fall"
"120",1998,"Female","Western GOM",1.0403812264273,0.0754902769443099,7.2560206803756,1.01055265670566,"NMFS Fall"
"121",1998,"Female","Western Scotian Shelf",1.01892802686602,0.136383402138549,13.3849887865026,1.01055265670566,"NMFS Fall"
"122",1999,"Male","Georges Bank",1.05432560885912,0.0984795898040041,9.34052905255414,1.01055265670566,"NMFS Fall"
"123",1999,"Male","Western GOM",1.07136606817013,0.10883885306134,10.1588855849461,1.01055265670566,"NMFS Fall"
"124",1999,"Male","Western Scotian Shelf",1.01156961262939,0.0144307967254166,1.42657475523671,1.01055265670566,"NMFS Fall"
"125",1999,"Female","Eastern GOM",0.964339503853967,0.0257943845051546,2.67482400151273,1.01055265670566,"NMFS Fall"
"126",1999,"Female","Georges Bank",1.01847171333408,0.100670421232502,9.88445922596573,1.01055265670566,"NMFS Fall"
"127",1999,"Female","Western GOM",1.09408967292885,0.131705387070924,12.0378969228685,1.01055265670566,"NMFS Fall"
"128",1999,"Female","Western Scotian Shelf",0.988414892340984,0.0763306307774412,7.72252941238653,1.01055265670566,"NMFS Fall"
"129",2000,"Male","Georges Bank",1.00859507541681,0.0848144933524653,8.40917186884096,1.01055265670566,"NMFS Fall"
"130",2000,"Male","Western GOM",1.08692845852676,0.14904328586589,13.7123363268917,1.01055265670566,"NMFS Fall"
"131",2000,"Male","Western Scotian Shelf",1.06663372136379,0.0671157543895843,6.29229631928104,1.01055265670566,"NMFS Fall"
"132",2000,"Female","Eastern GOM",1.01482887988948,0.129071295125903,12.7185279886752,1.01055265670566,"NMFS Fall"
"133",2000,"Female","Georges Bank",0.998956418094814,0.0607932314388198,6.08567404319431,1.01055265670566,"NMFS Fall"
"134",2000,"Female","Western GOM",0.992220242101087,0.0934736219722759,9.420652593656,1.01055265670566,"NMFS Fall"
"135",2000,"Female","Western Scotian Shelf",1.02566319136339,0.0803616960512657,7.83509603619904,1.01055265670566,"NMFS Fall"
"136",2001,"Male","Eastern GOM",1.01095201104117,0.0677066147556832,6.69731243582497,1.01055265670566,"NMFS Fall"
"137",2001,"Male","Georges Bank",0.977754173928672,0.08791894475274,8.99192732662819,1.01055265670566,"NMFS Fall"
"138",2001,"Male","Western GOM",1.04174230383496,0.120998922928682,11.6150532126083,1.01055265670566,"NMFS Fall"
"139",2001,"Male","Western Scotian Shelf",1.00462194315937,0.124221645247201,12.3650141322361,1.01055265670566,"NMFS Fall"
"140",2001,"Female","Georges Bank",0.995551655264965,0.0905330142534851,9.09375357619087,1.01055265670566,"NMFS Fall"
"141",2001,"Female","Western GOM",1.03969577692599,0.0959611551428496,9.22973405033662,1.01055265670566,"NMFS Fall"
"142",2001,"Female","Western Scotian Shelf",1.00540293567525,0.145301001761675,14.4520168587023,1.01055265670566,"NMFS Fall"
"143",2002,"Male","Georges Bank",0.990273131379613,0.0746877463482211,7.54213600081918,1.01055265670566,"NMFS Fall"
"144",2002,"Male","Western GOM",1.04008367424912,0.102486824271931,9.85370954369802,1.01055265670566,"NMFS Fall"
"145",2002,"Male","Western Scotian Shelf",1.05189763882255,0.0606624905086351,5.76695756980098,1.01055265670566,"NMFS Fall"
"146",2002,"Female","Georges Bank",0.985851783272311,0.159290827190879,16.1576851504137,1.01055265670566,"NMFS Fall"
"147",2002,"Female","Western GOM",1.02438049408823,0.101945548034683,9.95192202731478,1.01055265670566,"NMFS Fall"
"148",2003,"Male","Eastern GOM",1.32776864004416,NA,NA,1.01055265670566,"NMFS Fall"
"149",2003,"Male","Georges Bank",1.01248778845733,0.0849404761346499,8.38928400944654,1.01055265670566,"NMFS Fall"
"150",2003,"Male","Western GOM",1.0367683632304,0.0945984693200189,9.12435917944733,1.01055265670566,"NMFS Fall"
"151",2003,"Male","Western Scotian Shelf",1.03602901943765,0.0655580230466237,6.32781725382639,1.01055265670566,"NMFS Fall"
"152",2003,"Female","Eastern GOM",1.04283122603227,0.0827943169680751,7.93937838657634,1.01055265670566,"NMFS Fall"
"153",2003,"Female","Georges Bank",0.975579824988729,0.114854581806344,11.7729558222127,1.01055265670566,"NMFS Fall"
"154",2003,"Female","Western GOM",1.03756905403543,0.10907905939091,10.5129445569591,1.01055265670566,"NMFS Fall"
"155",2003,"Female","Western Scotian Shelf",0.963379637451439,0.0175077300506442,1.81732407142836,1.01055265670566,"NMFS Fall"
"156",2004,"Male","Eastern GOM",1.04307086829349,0.145371382725568,13.9368653793775,1.01055265670566,"NMFS Fall"
"157",2004,"Male","Georges Bank",0.983500903096199,0.0803530624673169,8.17010561092056,1.01055265670566,"NMFS Fall"
"158",2004,"Male","Western GOM",1.05856818137827,0.133416934468625,12.6035277477275,1.01055265670566,"NMFS Fall"
"159",2004,"Male","Western Scotian Shelf",1.04847128595513,0.0042546020584642,0.405790994513347,1.01055265670566,"NMFS Fall"
"160",2004,"Female","Georges Bank",0.96574202110675,0.0905257939478579,9.37370353255566,1.01055265670566,"NMFS Fall"
"161",2004,"Female","Western GOM",1.03679387483743,0.101145907857147,9.755642882536,1.01055265670566,"NMFS Fall"
"162",2004,"Female","Western Scotian Shelf",0.981685324880286,0.0624173963989852,6.35818778350352,1.01055265670566,"NMFS Fall"
"163",2005,"Male","Eastern GOM",1.2864,NA,NA,1.01055265670566,"NMFS Fall"
"164",2005,"Male","Georges Bank",0.969406078767138,0.0856921835398694,8.83965815944235,1.01055265670566,"NMFS Fall"
"165",2005,"Male","Western GOM",0.966845059474432,0.100315665095584,10.375567844357,1.01055265670566,"NMFS Fall"
"166",2005,"Female","Georges Bank",0.921815535169089,0.0808736566797372,8.773301554839,1.01055265670566,"NMFS Fall"
"167",2005,"Female","Western GOM",1.01207696292211,0.114041255576914,11.2680418342544,1.01055265670566,"NMFS Fall"
"168",2005,"Female","Western Scotian Shelf",1.02580960569126,NA,NA,1.01055265670566,"NMFS Fall"
"169",2006,"Male","Eastern GOM",0.870264524826428,0.00738365095744436,0.848437543621235,1.01055265670566,"NMFS Fall"
"170",2006,"Male","Georges Bank",1.00585421359346,0.0824044467237233,8.19248412047008,1.01055265670566,"NMFS Fall"
"171",2006,"Male","Western GOM",0.957957922234105,0.085347113784189,8.90927584639066,1.01055265670566,"NMFS Fall"
"172",2006,"Male","Western Scotian Shelf",1.04765625,NA,NA,1.01055265670566,"NMFS Fall"
"173",2006,"Female","Eastern GOM",0.9278499360127,0.0325975321209927,3.51323321323659,1.01055265670566,"NMFS Fall"
"174",2006,"Female","Georges Bank",0.974225240128374,0.0862290316446345,8.85103650499468,1.01055265670566,"NMFS Fall"
"175",2006,"Female","Western GOM",0.995620423757853,0.093636088441732,9.40479787350219,1.01055265670566,"NMFS Fall"
"176",2006,"Female","Western Scotian Shelf",0.926406988322051,0.0779185294841303,8.41083135882425,1.01055265670566,"NMFS Fall"
"177",2007,"Male","Georges Bank",1.05087441937274,0.158574583088054,15.0897747784845,1.01055265670566,"NMFS Fall"
"178",2007,"Male","Western GOM",0.988457455757586,0.123963269430363,12.5410829478092,1.01055265670566,"NMFS Fall"
"179",2007,"Female","Eastern GOM",1.1236368713435,0.202770518840632,18.0459118076275,1.01055265670566,"NMFS Fall"
"180",2007,"Female","Georges Bank",0.999818993107769,0.131446612291637,13.1470409341852,1.01055265670566,"NMFS Fall"
"181",2007,"Female","Western GOM",1.00810485394922,0.0956958864257204,9.49265208384172,1.01055265670566,"NMFS Fall"
"182",2007,"Female","Western Scotian Shelf",0.973826759426969,0.0796115882321563,8.17512842623079,1.01055265670566,"NMFS Fall"
"183",2008,"Male","Georges Bank",1.05549905364044,0.132813242871128,12.5829807628015,1.01055265670566,"NMFS Fall"
"184",2008,"Male","Western GOM",1.06382038022115,0.141435415402384,13.2950466104986,1.01055265670566,"NMFS Fall"
"185",2008,"Female","Eastern GOM",1.040959573921,0.0549084100961682,5.27478794294994,1.01055265670566,"NMFS Fall"
"186",2008,"Female","Georges Bank",1.03192180333091,0.111251845816827,10.7810345180923,1.01055265670566,"NMFS Fall"
"187",2008,"Female","Western GOM",1.07426889004547,0.127548600295526,11.8730609698776,1.01055265670566,"NMFS Fall"
"188",2008,"Female","Western Scotian Shelf",0.983642934991539,0.0737237496912551,7.49497069197059,1.01055265670566,"NMFS Fall"
"189",2009,"Male","Georges Bank",0.932161919015437,0.0651330316405866,6.98730878315444,1.01055265670566,"NMFS Fall"
"190",2009,"Male","Western GOM",1.0304665577245,0.0847730175546167,8.22666363300666,1.01055265670566,"NMFS Fall"
"191",2009,"Female","Eastern GOM",1.0030801241981,0.0891483257128572,8.88745809654299,1.01055265670566,"NMFS Fall"
"192",2009,"Female","Georges Bank",0.972047049419874,0.0791754318020677,8.14522628810203,1.01055265670566,"NMFS Fall"
"193",2009,"Female","Western GOM",1.02732873297665,0.089485461413898,8.71049923373768,1.01055265670566,"NMFS Fall"
"194",2009,"Female","Western Scotian Shelf",0.954459233539095,0.127876660370831,13.3978126961662,1.01055265670566,"NMFS Fall"
"195",2010,"Male","Georges Bank",0.990886228310538,0.054478164408457,5.497923258187,1.01055265670566,"NMFS Fall"
"196",2010,"Male","Western GOM",0.980459582460493,0.0809460006339198,8.25592427081832,1.01055265670566,"NMFS Fall"
"197",2010,"Male","Western Scotian Shelf",0.984162394482627,0.0825927046031386,8.39218253676086,1.01055265670566,"NMFS Fall"
"198",2010,"Female","Eastern GOM",0.927881862870906,NA,NA,1.01055265670566,"NMFS Fall"
"199",2010,"Female","Georges Bank",0.901153956616817,0.0758017519885436,8.4116317119801,1.01055265670566,"NMFS Fall"
"200",2010,"Female","Western GOM",0.982945636095274,0.0965506277307324,9.822580637753,1.01055265670566,"NMFS Fall"
"201",2010,"Female","Western Scotian Shelf",0.930213150404594,0.127089156925763,13.662369411837,1.01055265670566,"NMFS Fall"
"202",2011,"Male","Eastern GOM",1.03307107431324,0.0623584039245978,6.0362162367243,1.01055265670566,"NMFS Fall"
"203",2011,"Male","Georges Bank",1.01902294876714,0.0879873477636238,8.63448147758351,1.01055265670566,"NMFS Fall"
"204",2011,"Male","Western GOM",0.997856409393005,0.0862704676497845,8.64557934766012,1.01055265670566,"NMFS Fall"
"205",2011,"Male","Western Scotian Shelf",0.867571340069971,NA,NA,1.01055265670566,"NMFS Fall"
"206",2011,"Female","Eastern GOM",0.961575648857044,0.0452299763532979,4.70373562465517,1.01055265670566,"NMFS Fall"
"207",2011,"Female","Georges Bank",0.959254101428864,0.0816566148841863,8.51251141512495,1.01055265670566,"NMFS Fall"
"208",2011,"Female","Western GOM",0.990195410850808,0.0862772036124683,8.71314920944101,1.01055265670566,"NMFS Fall"
"209",2011,"Female","Western Scotian Shelf",0.923160962912244,0.0601687977992571,6.5176930369159,1.01055265670566,"NMFS Fall"
"210",2012,"Male","Georges Bank",0.956314474976279,0.0778808039550892,8.14384870175901,1.01055265670566,"NMFS Fall"
"211",2012,"Male","Western GOM",1.0429673923891,0.125377705086882,12.0212487947186,1.01055265670566,"NMFS Fall"
"212",2012,"Male","Western Scotian Shelf",0.865936279296875,NA,NA,1.01055265670566,"NMFS Fall"
"213",2012,"Female","Eastern GOM",0.949245541838134,NA,NA,1.01055265670566,"NMFS Fall"
"214",2012,"Female","Georges Bank",0.956805364373856,0.0855209609969823,8.93817741635972,1.01055265670566,"NMFS Fall"
"215",2012,"Female","Western GOM",0.999846756716422,0.0956688652961929,9.56835281542316,1.01055265670566,"NMFS Fall"
"216",2012,"Female","Western Scotian Shelf",1.05273217527438,0.0273584762637885,2.59880688615392,1.01055265670566,"NMFS Fall"
"217",2013,"Male","Eastern GOM",1.00227837166613,0.0386805199599509,3.85925916925162,1.01055265670566,"NMFS Fall"
"218",2013,"Male","Georges Bank",1.00244298329924,0.0786480209259558,7.84563533649662,1.01055265670566,"NMFS Fall"
"219",2013,"Male","Western GOM",0.981047840468245,0.0955159199902855,9.73611235357255,1.01055265670566,"NMFS Fall"
"220",2013,"Male","Western Scotian Shelf",1.03574602133501,0.0659920143091607,6.37144753151945,1.01055265670566,"NMFS Fall"
"221",2013,"Female","Eastern GOM",0.922448345336077,0.0102377107058365,1.10984108298298,1.01055265670566,"NMFS Fall"
"222",2013,"Female","Georges Bank",0.989194868669814,0.0685567925815819,6.93056492233641,1.01055265670566,"NMFS Fall"
"223",2013,"Female","Western GOM",1.00604002584584,0.0922161746033779,9.16625305497625,1.01055265670566,"NMFS Fall"
"224",2013,"Female","Western Scotian Shelf",0.990961220569575,0.0894269869005976,9.0242670494409,1.01055265670566,"NMFS Fall"
"225",2014,"Male","Georges Bank",1.02232847563822,0.0834475236341723,8.16249626442986,1.01055265670566,"NMFS Fall"
"226",2014,"Male","Western GOM",1.09460833371555,0.109821078919431,10.032910908567,1.01055265670566,"NMFS Fall"
"227",2014,"Male","Western Scotian Shelf",0.97467322199687,0.0602362413499326,6.18014735508206,1.01055265670566,"NMFS Fall"
"228",2014,"Female","Eastern GOM",1.07814377834547,0.183805932798685,17.0483692889974,1.01055265670566,"NMFS Fall"
"229",2014,"Female","Georges Bank",0.985947099462674,0.079310523137627,8.0440951832862,1.01055265670566,"NMFS Fall"
"230",2014,"Female","Western GOM",1.1530227185837,0.150703238625829,13.070274869427,1.01055265670566,"NMFS Fall"
"231",2014,"Female","Western Scotian Shelf",0.999353006254253,0.0615509531014417,6.15908019651087,1.01055265670566,"NMFS Fall"
"232",2015,"Male","Eastern GOM",1.01393883197262,NA,NA,1.01055265670566,"NMFS Fall"
"233",2015,"Male","Georges Bank",1.0347805957949,0.0730881204874009,7.06315143368688,1.01055265670566,"NMFS Fall"
"234",2015,"Male","Western GOM",1.03530644128416,0.123918533426481,11.969261320617,1.01055265670566,"NMFS Fall"
"235",2015,"Male","Western Scotian Shelf",1.03971023940196,0.0361016667494124,3.47228154357489,1.01055265670566,"NMFS Fall"
"236",2015,"Female","Georges Bank",1.04917536263777,0.0999986206544102,9.53116363722074,1.01055265670566,"NMFS Fall"
"237",2015,"Female","Western GOM",1.03560123888748,0.111650088645867,10.7811853108451,1.01055265670566,"NMFS Fall"
"238",2015,"Female","Western Scotian Shelf",1.04828742904532,0.0940522822728873,8.97199371727095,1.01055265670566,"NMFS Fall"
"239",2016,"Male","Georges Bank",0.996681706078205,0.100692423025991,10.1027662504413,1.01055265670566,"NMFS Fall"
"240",2016,"Male","Western GOM",1.03218417440102,0.100268714218039,9.71422704443467,1.01055265670566,"NMFS Fall"
"241",2016,"Male","Western Scotian Shelf",0.958949347152365,NA,NA,1.01055265670566,"NMFS Fall"
"242",2016,"Female","Eastern GOM",1.15707446371332,NA,NA,1.01055265670566,"NMFS Fall"
"243",2016,"Female","Georges Bank",0.981159619752512,0.0950310854835982,9.6855887228185,1.01055265670566,"NMFS Fall"
"244",2016,"Female","Western GOM",1.02437502680253,0.0972449578028099,9.49310118447037,1.01055265670566,"NMFS Fall"
"245",2016,"Female","Western Scotian Shelf",0.955371695100066,0.0905159964858631,9.47442727789653,1.01055265670566,"NMFS Fall"
"246",2017,"Male","Eastern GOM",0.905349794238683,NA,NA,1.01055265670566,"NMFS Fall"
"247",2017,"Male","Georges Bank",0.97283414079257,0.0965853480649112,9.92824408755052,1.01055265670566,"NMFS Fall"
"248",2017,"Male","Western GOM",1.00119036193674,0.0794087563589801,7.93143435833407,1.01055265670566,"NMFS Fall"
"249",2017,"Male","Western Scotian Shelf",1.03325776631597,0.082121764631776,7.94784876619676,1.01055265670566,"NMFS Fall"
"250",2017,"Female","Eastern GOM",1.04448638809218,NA,NA,1.01055265670566,"NMFS Fall"
"251",2017,"Female","Georges Bank",0.919677033457474,0.0701472787525218,7.6273818091126,1.01055265670566,"NMFS Fall"
"252",2017,"Female","Western GOM",0.989617192236529,0.103868074393153,10.4957831379638,1.01055265670566,"NMFS Fall"
"253",2017,"Female","Western Scotian Shelf",0.973033462738405,0.116120086401468,11.9338225095232,1.01055265670566,"NMFS Fall"
"254",2018,"Male","Georges Bank",0.983374567732079,0.0723094078021881,7.35319075507033,1.01055265670566,"NMFS Fall"
"255",2018,"Male","Western GOM",1.0554886546188,0.087767181126945,8.31531260358675,1.01055265670566,"NMFS Fall"
"256",2018,"Female","Georges Bank",0.979970507442232,0.0993776473565819,10.1408814450919,1.01055265670566,"NMFS Fall"
"257",2018,"Female","Western GOM",1.02473239268191,0.0797574852522832,7.783250126752,1.01055265670566,"NMFS Fall"
"258",2019,"Male","Georges Bank",1.05995346456414,0.093542560134709,8.82515726038733,1.01055265670566,"NMFS Fall"
"259",2019,"Male","Western GOM",0.981029703121805,0.0339894223125109,3.46466801202356,1.01055265670566,"NMFS Fall"
"260",2019,"Male","Western Scotian Shelf",0.856992489758762,NA,NA,1.01055265670566,"NMFS Fall"
"261",2019,"Female","Eastern GOM",0.861559359553247,NA,NA,1.01055265670566,"NMFS Fall"
"262",2019,"Female","Georges Bank",1.04107559696839,0.104808717996534,10.0673494126399,1.01055265670566,"NMFS Fall"
"263",2019,"Female","Western GOM",1.00011993782817,0.0921989527212327,9.21878959052144,1.01055265670566,"NMFS Fall"
"264",2021,"Male","Georges Bank",1.04241463850264,0.0696299327803769,6.67967718492474,1.01055265670566,"NMFS Fall"
"265",2021,"Male","Western GOM",0.97227535156333,0.0497370246480108,5.1155286995642,1.01055265670566,"NMFS Fall"
"266",2021,"Male","Western Scotian Shelf",1.10155351444169,NA,NA,1.01055265670566,"NMFS Fall"
"267",2021,"Female","Georges Bank",1.02608580269149,0.08135404461669,7.9285810605013,1.01055265670566,"NMFS Fall"
"268",2021,"Female","Western GOM",0.980357192644673,0.0535501833037257,5.46231350221089,1.01055265670566,"NMFS Fall"
"269",2021,"Female","Western Scotian Shelf",1.09105336242809,NA,NA,1.01055265670566,"NMFS Fall"
"270",1992,"Male","Georges Bank",1.10091813607419,0.108987232921128,9.89966731856832,0.95268835939731,"NMFS Spring"
"271",1992,"Male","Western GOM",0.932466329111588,0.0775821755614747,8.32010477369102,0.95268835939731,"NMFS Spring"
"272",1992,"Male","Western Scotian Shelf",1.0992877322208,0.072072753625958,6.55631383062515,0.95268835939731,"NMFS Spring"
"273",1992,"Female","Eastern GOM",0.967592592592592,NA,NA,0.95268835939731,"NMFS Spring"
"274",1992,"Female","Georges Bank",1.0672802916125,0.102466964233539,9.60075483814343,0.95268835939731,"NMFS Spring"
"275",1992,"Female","Western GOM",0.977987751557832,0.0814343985486904,8.3267299021868,0.95268835939731,"NMFS Spring"
"276",1992,"Female","Western Scotian Shelf",1.15472135965312,0.0884900813117577,7.66332765666865,0.95268835939731,"NMFS Spring"
"277",1993,"Male","Georges Bank",0.976811166818369,0.102106078478693,10.4530007382357,0.95268835939731,"NMFS Spring"
"278",1993,"Male","Western GOM",0.906613803800382,0.0877716248521442,9.68125837972237,0.95268835939731,"NMFS Spring"
"279",1993,"Male","Western Scotian Shelf",0.94924521205159,0.0651744548078099,6.86592399733566,0.95268835939731,"NMFS Spring"
"280",1993,"Female","Eastern GOM",0.944109446610137,0.01996247920116,2.11442426223317,0.95268835939731,"NMFS Spring"
"281",1993,"Female","Georges Bank",1.0149574673363,0.11568448105697,11.3979634398452,0.95268835939731,"NMFS Spring"
"282",1993,"Female","Western GOM",0.909051541648216,0.0850600488896749,9.35701057559962,0.95268835939731,"NMFS Spring"
"283",1993,"Female","Western Scotian Shelf",1.06212743904245,0.15109434663798,14.2256325450172,0.95268835939731,"NMFS Spring"
"284",1994,"Male","Georges Bank",0.976175744605378,0.0782862957918812,8.01969278836452,0.95268835939731,"NMFS Spring"
"285",1994,"Male","Western GOM",0.971857682446442,0.103882175460436,10.6890316696304,0.95268835939731,"NMFS Spring"
"286",1994,"Male","Western Scotian Shelf",0.996325693849899,0.0857941251445997,8.61105215635691,0.95268835939731,"NMFS Spring"
"287",1994,"Female","Eastern GOM",1.13095056647869,0.045660352532038,4.03734291183084,0.95268835939731,"NMFS Spring"
"288",1994,"Female","Georges Bank",0.942765041705537,0.0549152538450013,5.82491410008746,0.95268835939731,"NMFS Spring"
"289",1994,"Female","Western GOM",0.963502149174615,0.0695935411136398,7.22297725783562,0.95268835939731,"NMFS Spring"
"290",1994,"Female","Western Scotian Shelf",1.01990875717972,0.0815839645168534,7.99914344715027,0.95268835939731,"NMFS Spring"
"291",1995,"Male","Eastern GOM",0.87681755829904,NA,NA,0.95268835939731,"NMFS Spring"
"292",1995,"Male","Georges Bank",0.948928079478399,0.0956807755112642,10.0830376485284,0.95268835939731,"NMFS Spring"
"293",1995,"Male","Western GOM",1.00168198550779,0.0794583843480561,7.93249609133937,0.95268835939731,"NMFS Spring"
"294",1995,"Male","Western Scotian Shelf",0.931734260998664,0.0796596209459321,8.54960735913588,0.95268835939731,"NMFS Spring"
"295",1995,"Female","Eastern GOM",0.931351273148148,NA,NA,0.95268835939731,"NMFS Spring"
"296",1995,"Female","Georges Bank",0.952505559778777,0.0844440185126769,8.86546200657236,0.95268835939731,"NMFS Spring"
"297",1995,"Female","Western GOM",0.960282551692655,0.0673944923862603,7.01819399586783,0.95268835939731,"NMFS Spring"
"298",1995,"Female","Western Scotian Shelf",0.951833960933344,0.10735396415795,11.2786440244979,0.95268835939731,"NMFS Spring"
"299",1996,"Male","Georges Bank",0.989382154470917,0.107399185973898,10.8551771920053,0.95268835939731,"NMFS Spring"
"300",1996,"Male","Western GOM",0.967043915226674,0.0963536913371558,9.96373482320817,0.95268835939731,"NMFS Spring"
"301",1996,"Male","Western Scotian Shelf",0.978503159325165,0.0698855340936677,7.14208568747647,0.95268835939731,"NMFS Spring"
"302",1996,"Female","Eastern GOM",0.982758527590136,NA,NA,0.95268835939731,"NMFS Spring"
"303",1996,"Female","Georges Bank",0.997158402301069,0.0920425822807316,9.23048756028447,0.95268835939731,"NMFS Spring"
"304",1996,"Female","Western GOM",0.954588758096144,0.0723739364801208,7.58168749278644,0.95268835939731,"NMFS Spring"
"305",1996,"Female","Western Scotian Shelf",0.979027475361586,0.0606396927432178,6.19387037333367,0.95268835939731,"NMFS Spring"
"306",1997,"Male","Eastern GOM",1.11178165560268,NA,NA,0.95268835939731,"NMFS Spring"
"307",1997,"Male","Georges Bank",0.911741744158167,0.0708520399124758,7.77106459876916,0.95268835939731,"NMFS Spring"
"308",1997,"Male","Western GOM",0.938286908310425,0.0789223415809613,8.41132289941857,0.95268835939731,"NMFS Spring"
"309",1997,"Male","Western Scotian Shelf",0.904228974355836,0.0975514860507862,10.7883610033931,0.95268835939731,"NMFS Spring"
"310",1997,"Female","Eastern GOM",1.0529515686335,NA,NA,0.95268835939731,"NMFS Spring"
"311",1997,"Female","Georges Bank",0.906850838615926,0.0913786297084817,10.0764784920911,0.95268835939731,"NMFS Spring"
"312",1997,"Female","Western GOM",0.970786270837943,0.0742906648749076,7.65262829796542,0.95268835939731,"NMFS Spring"
"313",1997,"Female","Western Scotian Shelf",0.934430624950504,0.0928739693305392,9.9390973337864,0.95268835939731,"NMFS Spring"
"314",1998,"Male","Eastern GOM",1.02739532704477,NA,NA,0.95268835939731,"NMFS Spring"
"315",1998,"Male","Georges Bank",0.934084564643897,0.0770593745946682,8.24972143973342,0.95268835939731,"NMFS Spring"
"316",1998,"Male","Western GOM",1.05248663872224,0.14073383499677,13.3715554971439,0.95268835939731,"NMFS Spring"
"317",1998,"Male","Western Scotian Shelf",0.905359768838749,0.0773996198410064,8.5490456396447,0.95268835939731,"NMFS Spring"
"318",1998,"Female","Eastern GOM",0.993586005830904,NA,NA,0.95268835939731,"NMFS Spring"
"319",1998,"Female","Georges Bank",0.954223295640292,0.0774461110861889,8.11614130990398,0.95268835939731,"NMFS Spring"
"320",1998,"Female","Western GOM",1.00036297463134,0.0897806731225378,8.97480968401739,0.95268835939731,"NMFS Spring"
"321",1998,"Female","Western Scotian Shelf",0.907277791680885,0.0659071875166777,7.26427871606705,0.95268835939731,"NMFS Spring"
"322",1999,"Male","Georges Bank",0.96081926408004,0.0821135964532019,8.54620629737514,0.95268835939731,"NMFS Spring"
"323",1999,"Male","Western GOM",0.990375312550508,0.0908463398529958,9.1729204778984,0.95268835939731,"NMFS Spring"
"324",1999,"Male","Western Scotian Shelf",1.06757033504279,0.0742696695856903,6.95688772419039,0.95268835939731,"NMFS Spring"
"325",1999,"Female","Eastern GOM",1,NA,NA,0.95268835939731,"NMFS Spring"
"326",1999,"Female","Georges Bank",0.956015200377469,0.0782659879571347,8.18668865581138,0.95268835939731,"NMFS Spring"
"327",1999,"Female","Western GOM",0.994583820558825,0.0874326860820051,8.79088160039437,0.95268835939731,"NMFS Spring"
"328",1999,"Female","Western Scotian Shelf",0.995222882387149,0.084239164883078,8.46435169185633,0.95268835939731,"NMFS Spring"
"329",2000,"Male","Eastern GOM",1.03008329539551,0.209181779834646,20.3072684286496,0.95268835939731,"NMFS Spring"
"330",2000,"Male","Georges Bank",0.991297506431202,0.0972650070649442,9.81188860396822,0.95268835939731,"NMFS Spring"
"331",2000,"Male","Western GOM",1.04071417435387,0.0931623393386217,8.95177000894235,0.95268835939731,"NMFS Spring"
"332",2000,"Male","Western Scotian Shelf",0.878600986925892,0.0873878362316602,9.94624835756429,0.95268835939731,"NMFS Spring"
"333",2000,"Female","Eastern GOM",1.01493617184478,0.0803959917807537,7.92128549666562,0.95268835939731,"NMFS Spring"
"334",2000,"Female","Georges Bank",0.964370250261643,0.084850146867475,8.79850315213003,0.95268835939731,"NMFS Spring"
"335",2000,"Female","Western GOM",1.02535953330398,0.0739585188678068,7.21293521595229,0.95268835939731,"NMFS Spring"
"336",2000,"Female","Western Scotian Shelf",1.00237119054832,0.0254654286904021,2.54051881483865,0.95268835939731,"NMFS Spring"
"337",2001,"Male","Eastern GOM",1.00989986345016,NA,NA,0.95268835939731,"NMFS Spring"
"338",2001,"Male","Georges Bank",0.929049573329763,0.0698631122840324,7.51984762596029,0.95268835939731,"NMFS Spring"
"339",2001,"Male","Western GOM",1.00607335522203,0.0641726158727794,6.37852255401564,0.95268835939731,"NMFS Spring"
"340",2001,"Male","Western Scotian Shelf",0.980715750756741,0.0940532417015391,9.59026523525963,0.95268835939731,"NMFS Spring"
"341",2001,"Female","Eastern GOM",1.02096837887559,NA,NA,0.95268835939731,"NMFS Spring"
"342",2001,"Female","Georges Bank",0.933541245646475,0.0763923478118458,8.18307152127427,0.95268835939731,"NMFS Spring"
"343",2001,"Female","Western GOM",1.06868661886494,0.104397023302274,9.76872185535127,0.95268835939731,"NMFS Spring"
"344",2001,"Female","Western Scotian Shelf",0.981359724553054,0.0981726092028978,10.0037332638253,0.95268835939731,"NMFS Spring"
"345",2002,"Male","Eastern GOM",0.902642803153007,NA,NA,0.95268835939731,"NMFS Spring"
"346",2002,"Male","Georges Bank",0.92078835959047,0.0723230302381428,7.8544683460496,0.95268835939731,"NMFS Spring"
"347",2002,"Male","Western GOM",0.947969996471622,0.0837313472070628,8.83270014016412,0.95268835939731,"NMFS Spring"
"348",2002,"Male","Western Scotian Shelf",0.974635329568041,0.110920702880797,11.3807389816207,0.95268835939731,"NMFS Spring"
"349",2002,"Female","Eastern GOM",1.03414132219741,0.184469644520533,17.8379531463417,0.95268835939731,"NMFS Spring"
"350",2002,"Female","Georges Bank",0.951580205150995,0.0968742725985856,10.1803581110868,0.95268835939731,"NMFS Spring"
"351",2002,"Female","Western GOM",0.943671505349672,0.0978745749270674,10.3716785313763,0.95268835939731,"NMFS Spring"
"352",2002,"Female","Western Scotian Shelf",0.958645451237316,0.0729166728861979,7.60621904501658,0.95268835939731,"NMFS Spring"
"353",2003,"Male","Georges Bank",0.932992033795201,0.0757037156821701,8.11407953551591,0.95268835939731,"NMFS Spring"
"354",2003,"Male","Western GOM",0.949932463931806,0.0765252528299008,8.05586246764954,0.95268835939731,"NMFS Spring"
"355",2003,"Male","Western Scotian Shelf",0.974539550423238,0.0576340255867619,5.91397502150956,0.95268835939731,"NMFS Spring"
"356",2003,"Female","Eastern GOM",0.863558494376689,0.143914115036618,16.665242247486,0.95268835939731,"NMFS Spring"
"357",2003,"Female","Georges Bank",0.915434487979924,0.0706198581266878,7.71435411861352,0.95268835939731,"NMFS Spring"
"358",2003,"Female","Western GOM",0.946408272598233,0.0820463256874918,8.66923166914475,0.95268835939731,"NMFS Spring"
"359",2004,"Male","Georges Bank",0.88068279357665,0.0629322043749454,7.14584238887689,0.95268835939731,"NMFS Spring"
"360",2004,"Male","Western GOM",0.949222732249238,0.0639581371467584,6.73794832064397,0.95268835939731,"NMFS Spring"
"361",2004,"Male","Western Scotian Shelf",0.903778128633135,0.034520063369699,3.81952851878666,0.95268835939731,"NMFS Spring"
"362",2004,"Female","Georges Bank",0.894409758099706,0.0776901022541016,8.68618678972875,0.95268835939731,"NMFS Spring"
"363",2004,"Female","Western GOM",0.93951746700896,0.105459407896708,11.2248480310268,0.95268835939731,"NMFS Spring"
"364",2004,"Female","Western Scotian Shelf",0.941383603002516,0.0458585814350395,4.87140218809579,0.95268835939731,"NMFS Spring"
"365",2005,"Male","Eastern GOM",0.838947587605876,NA,NA,0.95268835939731,"NMFS Spring"
"366",2005,"Male","Georges Bank",0.904285046382155,0.0785546150320035,8.68693066929318,0.95268835939731,"NMFS Spring"
"367",2005,"Male","Western GOM",0.897884933898989,0.0717776300050359,7.99407889531542,0.95268835939731,"NMFS Spring"
"368",2005,"Female","Eastern GOM",0.910648148148148,NA,NA,0.95268835939731,"NMFS Spring"
"369",2005,"Female","Georges Bank",0.914050325785133,0.0793582426608379,8.68204303659892,0.95268835939731,"NMFS Spring"
"370",2005,"Female","Western GOM",0.912736251152244,0.0917694448406618,10.0543223439204,0.95268835939731,"NMFS Spring"
"371",2005,"Female","Western Scotian Shelf",1.03147413131166,0.111221777632731,10.7827985459313,0.95268835939731,"NMFS Spring"
"372",2006,"Male","Georges Bank",0.866780937141316,0.0740241276750498,8.54011948153646,0.95268835939731,"NMFS Spring"
"373",2006,"Male","Western GOM",0.948775966219613,0.0802287103668508,8.4560226252907,0.95268835939731,"NMFS Spring"
"374",2006,"Male","Western Scotian Shelf",0.823199911888976,0.0716662346637661,8.70581175103815,0.95268835939731,"NMFS Spring"
"375",2006,"Female","Eastern GOM",0.870593480581655,0.0438183897038092,5.03316308715447,0.95268835939731,"NMFS Spring"
"376",2006,"Female","Georges Bank",0.876484084737373,0.0747806026586005,8.53188368856777,0.95268835939731,"NMFS Spring"
"377",2006,"Female","Western GOM",0.951614115053255,0.0975836317868128,10.2545380783209,0.95268835939731,"NMFS Spring"
"378",2006,"Female","Western Scotian Shelf",0.803465786859133,0.0168880017360825,2.10189431986895,0.95268835939731,"NMFS Spring"
"379",2007,"Male","Georges Bank",0.876025394943554,0.0724007422032165,8.26468531861244,0.95268835939731,"NMFS Spring"
"380",2007,"Male","Western GOM",0.98990589776757,0.0823619565405129,8.32018040565826,0.95268835939731,"NMFS Spring"
"381",2007,"Male","Western Scotian Shelf",0.822453712692782,0.0685787547740866,8.33831177557142,0.95268835939731,"NMFS Spring"
"382",2007,"Female","Eastern GOM",0.916671752929688,NA,NA,0.95268835939731,"NMFS Spring"
"383",2007,"Female","Georges Bank",0.885017458508146,0.0729883114825355,8.24710414250701,0.95268835939731,"NMFS Spring"
"384",2007,"Female","Western GOM",0.983952560205407,0.0919046292768259,9.34035165858404,0.95268835939731,"NMFS Spring"
"385",2007,"Female","Western Scotian Shelf",0.848827346382766,0.0932574206142802,10.9866183048522,0.95268835939731,"NMFS Spring"
"386",2008,"Male","Georges Bank",0.87637177087526,0.063627209211802,7.26029880540944,0.95268835939731,"NMFS Spring"
"387",2008,"Male","Western GOM",1.00702012975927,0.0968439553839527,9.61688376647481,0.95268835939731,"NMFS Spring"
"388",2008,"Male","Western Scotian Shelf",0.869863954198879,0.0563007274631924,6.47236009624561,0.95268835939731,"NMFS Spring"
"389",2008,"Female","Eastern GOM",0.91352655608854,0.0678990878426543,7.43263426663576,0.95268835939731,"NMFS Spring"
"390",2008,"Female","Georges Bank",0.879886106500321,0.0897088104104489,10.1955025483081,0.95268835939731,"NMFS Spring"
"391",2008,"Female","Western GOM",1.01946377077042,0.153357036314868,15.0429118436424,0.95268835939731,"NMFS Spring"
"392",2008,"Female","Western Scotian Shelf",0.967875349557348,0.0989687359596239,10.2253597020408,0.95268835939731,"NMFS Spring"
"393",2009,"Male","Georges Bank",0.834642902635692,0.0619380191191397,7.42090047414859,0.95268835939731,"NMFS Spring"
"394",2009,"Male","Western GOM",0.956249887976426,0.0874585739265251,9.14599573042576,0.95268835939731,"NMFS Spring"
"395",2009,"Male","Western Scotian Shelf",0.860226787510249,0.0577477034135104,6.71307895219693,0.95268835939731,"NMFS Spring"
"396",2009,"Female","Georges Bank",0.811935880684079,0.0672022663910184,8.27679475556599,0.95268835939731,"NMFS Spring"
"397",2009,"Female","Western GOM",0.945678541277408,0.0719778665214852,7.6112403295372,0.95268835939731,"NMFS Spring"
"398",2009,"Female","Western Scotian Shelf",0.876064734889757,0.0802174774101913,9.15656962499304,0.95268835939731,"NMFS Spring"
"399",2010,"Male","Georges Bank",0.850493500457341,0.0723083512694959,8.50192873086191,0.95268835939731,"NMFS Spring"
"400",2010,"Male","Western GOM",0.969013521818074,0.0817555176720588,8.43698419384986,0.95268835939731,"NMFS Spring"
"401",2010,"Male","Western Scotian Shelf",1.01303631826313,0.180897650021846,17.8569757826647,0.95268835939731,"NMFS Spring"
"402",2010,"Female","Georges Bank",0.843817417989859,0.0821519608744329,9.73575078245424,0.95268835939731,"NMFS Spring"
"403",2010,"Female","Western GOM",0.998946365444573,0.0820427209820687,8.21292552033624,0.95268835939731,"NMFS Spring"
"404",2010,"Female","Western Scotian Shelf",0.975082341558667,0.116648761089367,11.9629651894735,0.95268835939731,"NMFS Spring"
"405",2011,"Male","Eastern GOM",0.93840453606249,NA,NA,0.95268835939731,"NMFS Spring"
"406",2011,"Male","Georges Bank",0.848620272286978,0.085006219195352,10.0169913412822,0.95268835939731,"NMFS Spring"
"407",2011,"Male","Western GOM",0.880794368376282,0.0571652665411272,6.49019437380256,0.95268835939731,"NMFS Spring"
"408",2011,"Male","Western Scotian Shelf",0.83356758287796,0.112641271064122,13.513153987493,0.95268835939731,"NMFS Spring"
"409",2011,"Female","Georges Bank",0.869408637728434,0.0983022645782837,11.3067964030269,0.95268835939731,"NMFS Spring"
"410",2011,"Female","Western GOM",0.917671210612444,0.0829550172500272,9.0397319094999,0.95268835939731,"NMFS Spring"
"411",2011,"Female","Western Scotian Shelf",0.896103595976417,0.0686303190957063,7.65874831926379,0.95268835939731,"NMFS Spring"
"412",2012,"Male","Eastern GOM",1.02432073282174,0.0457503882257999,4.46641239992957,0.95268835939731,"NMFS Spring"
"413",2012,"Male","Georges Bank",0.88728608080686,0.0786519919804805,8.8643329002702,0.95268835939731,"NMFS Spring"
"414",2012,"Male","Western GOM",0.956822391735436,0.087602738039701,9.15559029516561,0.95268835939731,"NMFS Spring"
"415",2012,"Female","Eastern GOM",0.869727453291864,0.0645636280579598,7.42343222737084,0.95268835939731,"NMFS Spring"
"416",2012,"Female","Georges Bank",0.883700347919373,0.0812090217066734,9.18965596176078,0.95268835939731,"NMFS Spring"
"417",2012,"Female","Western GOM",0.964204152493445,0.0771159693909793,7.99788812271305,0.95268835939731,"NMFS Spring"
"418",2012,"Female","Western Scotian Shelf",0.974317543795782,0.0249647998566224,2.56228577793679,0.95268835939731,"NMFS Spring"
"419",2013,"Male","Georges Bank",0.91204202608735,0.0766309284793455,8.40212690725353,0.95268835939731,"NMFS Spring"
"420",2013,"Male","Western GOM",0.967662208505666,0.0664800787467688,6.87017413333028,0.95268835939731,"NMFS Spring"
"421",2013,"Male","Western Scotian Shelf",0.930565069093561,0.0948527298300162,10.1930249673362,0.95268835939731,"NMFS Spring"
"422",2013,"Female","Georges Bank",0.929337064770992,0.0756104062713303,8.13595079089655,0.95268835939731,"NMFS Spring"
"423",2013,"Female","Western GOM",0.972979905849147,0.0993531483711323,10.2112230451896,0.95268835939731,"NMFS Spring"
"424",2013,"Female","Western Scotian Shelf",0.987426074259288,0.0787084498959182,7.97107266535987,0.95268835939731,"NMFS Spring"
"425",2014,"Male","Georges Bank",0.973223352175962,0.0992303373935852,10.1960497733355,0.95268835939731,"NMFS Spring"
"426",2014,"Male","Western GOM",0.989149465776951,0.0753010020534192,7.61270208989824,0.95268835939731,"NMFS Spring"
"427",2014,"Male","Western Scotian Shelf",0.914365886990597,0.0962547313323833,10.5269381438957,0.95268835939731,"NMFS Spring"
"428",2014,"Female","Georges Bank",0.959803429547292,0.0994313320092657,10.3595516486292,0.95268835939731,"NMFS Spring"
"429",2014,"Female","Western GOM",0.997364724796338,0.0986555039165432,9.89161752604481,0.95268835939731,"NMFS Spring"
"430",2014,"Female","Western Scotian Shelf",0.961314548992043,0.0660727957557779,6.87317130746191,0.95268835939731,"NMFS Spring"
"431",2015,"Male","Eastern GOM",1.05651074748135,NA,NA,0.95268835939731,"NMFS Spring"
"432",2015,"Male","Georges Bank",0.939885895637919,0.0786135296657273,8.36415675887664,0.95268835939731,"NMFS Spring"
"433",2015,"Male","Western GOM",0.996380016962053,0.0980504626867876,9.84066932471628,0.95268835939731,"NMFS Spring"
"434",2015,"Male","Western Scotian Shelf",0.998007021774682,0.0892297739305567,8.94079620520966,0.95268835939731,"NMFS Spring"
"435",2015,"Female","Eastern GOM",0.886507678706578,0.0194608174423546,2.19522265963314,0.95268835939731,"NMFS Spring"
"436",2015,"Female","Georges Bank",0.953642406768777,0.0826126228558947,8.66285121860412,0.95268835939731,"NMFS Spring"
"437",2015,"Female","Western GOM",1.00523850338654,0.101831203764865,10.1300540540186,0.95268835939731,"NMFS Spring"
"438",2015,"Female","Western Scotian Shelf",1.01121771528089,0.113123295781471,11.1868388055334,0.95268835939731,"NMFS Spring"
"439",2016,"Male","Georges Bank",0.941765985482122,0.0979266483467463,10.3981933788588,0.95268835939731,"NMFS Spring"
"440",2016,"Male","Western GOM",0.969345251359166,0.0814619224836315,8.40380889774925,0.95268835939731,"NMFS Spring"
"441",2016,"Male","Western Scotian Shelf",0.973908006180586,0.145427511974695,14.9323664095364,0.95268835939731,"NMFS Spring"
"442",2016,"Female","Eastern GOM",0.977208586542812,0.183299326185782,18.757441216748,0.95268835939731,"NMFS Spring"
"443",2016,"Female","Georges Bank",0.935632273579894,0.0790053541927646,8.44406038822028,0.95268835939731,"NMFS Spring"
"444",2016,"Female","Western GOM",0.966240800090679,0.101006117505247,10.4535140200836,0.95268835939731,"NMFS Spring"
"445",2016,"Female","Western Scotian Shelf",0.910398312664255,0.0535066403827871,5.87727807032083,0.95268835939731,"NMFS Spring"
"446",2017,"Male","Eastern GOM",0.850315417748796,0.00719306739780696,0.8459293160708,0.95268835939731,"NMFS Spring"
"447",2017,"Male","Georges Bank",0.934534708622645,0.0804390660669124,8.60739203420992,0.95268835939731,"NMFS Spring"
"448",2017,"Male","Western GOM",1.0319523973444,0.112770642092744,10.927891866228,0.95268835939731,"NMFS Spring"
"449",2017,"Male","Western Scotian Shelf",0.924665106153844,0.0731393124808571,7.90981642911572,0.95268835939731,"NMFS Spring"
"450",2017,"Female","Eastern GOM",0.943914161601957,NA,NA,0.95268835939731,"NMFS Spring"
"451",2017,"Female","Georges Bank",0.946331529521887,0.0939716162809042,9.93009461793811,0.95268835939731,"NMFS Spring"
"452",2017,"Female","Western GOM",1.01108896903777,0.0766802422529469,7.58392630135427,0.95268835939731,"NMFS Spring"
"453",2017,"Female","Western Scotian Shelf",0.996368455330212,0.122808305702856,12.3255915064227,0.95268835939731,"NMFS Spring"
"454",2018,"Male","Georges Bank",0.904118373542037,0.0640766854241211,7.08720089086231,0.95268835939731,"NMFS Spring"
"455",2018,"Male","Western GOM",1.03166192355621,0.0894948902409934,8.67482730510191,0.95268835939731,"NMFS Spring"
"456",2018,"Female","Georges Bank",0.922171337733851,0.079811782421817,8.65476719520983,0.95268835939731,"NMFS Spring"
"457",2018,"Female","Western GOM",1.00857948060497,0.0800836546593844,7.94024231103218,0.95268835939731,"NMFS Spring"
"458",2019,"Male","Georges Bank",0.951289181302149,0.0768198113968807,8.07533743753165,0.95268835939731,"NMFS Spring"
"459",2019,"Male","Western GOM",0.934732076987422,0.0905570409522033,9.68802111125388,0.95268835939731,"NMFS Spring"
"460",2019,"Female","Eastern GOM",1.088,NA,NA,0.95268835939731,"NMFS Spring"
"461",2019,"Female","Georges Bank",0.951180163837988,0.0786025899653894,8.26369103916444,0.95268835939731,"NMFS Spring"
"462",2019,"Female","Western GOM",0.969951128923775,0.0767989053167633,7.91781183882705,0.95268835939731,"NMFS Spring"
"463",2019,"Female","Western Scotian Shelf",0.76171875,NA,NA,0.95268835939731,"NMFS Spring"
"464",2021,"Male","Georges Bank",1.02958507537036,0.104778085717179,10.176729269263,0.95268835939731,"NMFS Spring"
"465",2021,"Male","Western GOM",0.900476425521328,0.0545985144987769,6.06329193650653,0.95268835939731,"NMFS Spring"
"466",2021,"Female","Georges Bank",0.985187548204995,0.105701718218014,10.7290960396933,0.95268835939731,"NMFS Spring"
"467",2021,"Female","Western GOM",0.883940808465633,0.0177343649681493,2.00628422155699,0.95268835939731,"NMFS Spring"
"468",2021,"Female","Western Scotian Shelf",0.996035559027987,0.145680520912524,14.6260361482165,0.95268835939731,"NMFS Spring"
"469",2022,"Male","Georges Bank",1.00322011078615,0.092774210523312,9.24764261858859,0.95268835939731,"NMFS Spring"
"470",2022,"Male","Western GOM",0.952378386093506,0.0955659552520642,10.0344523403203,0.95268835939731,"NMFS Spring"
"471",2022,"Male","Western Scotian Shelf",0.890830993652344,0.0969660742572556,10.8849012829809,0.95268835939731,"NMFS Spring"
"472",2022,"Female","Georges Bank",0.983632830496986,0.0908237880404537,9.23350514790813,0.95268835939731,"NMFS Spring"
"473",2022,"Female","Western GOM",0.932170907975125,0.115115957497748,12.3492330121956,0.95268835939731,"NMFS Spring"
"474",2022,"Female","Western Scotian Shelf",0.933381661592946,0.0889419390123383,9.52900005133447,0.95268835939731,"NMFS Spring"
